'','CHN','USA','AUT'
AUS,1,2,3
MEX,4,5,6e-8
0.0,5.0,7.0,3.00000006
0.0,10.0,14.0,6.00000012,78
24.0,84.00000012
